document_id,eid,csv_title,api_title,csv_field,api_field,item_type,period,keywords,source_url,api_url,raw_file_path,collected_at,checksum,content_length,has_body,license_note,attribution,status,error,csv_row_number,sample_stratum,response_eid,eid_match,title_match,field_match,api_only_fields,response_root_fields
aks:E0061924,E0061924,우리투자증권㈜,우리투자증권㈜,경제·산업/경제,경제·산업/경제,단체,현대,,http://encykorea.aks.ac.kr/Contents/Item/E0061924,https://devin.aks.ac.kr:8080/api/articles/E0061924,data/raw/api_audit/E0061924.json,2026-08-28T03:50:44Z,10940a00b51a526226d8ac8a883a97c8203cfe741d8d7355c2407ecd75a819aa,1289,true,항목 원고는 한국학중앙연구원이 저작재산권 전부를 보유한 범위에 한해 공공저작물 자유이용 가능; 출처 표기 필수. 미디어에는 이 조건을 일괄 적용하지 않음.,"[우리투자증권㈜],『한국민족문화대백과사전』",ok,,58179,경제·산업,E0061924,true,true,true,articleAliases;articleAttributes;contentsType;definition;footNote;headMID;headMedia;headwordOrigin;lastModifiedTime;origin;primaryTypePartA;primaryTypePartB;reference;relatedArticles;relatedMedias;summary;url;writerInfo,articleAliases;articleAttributes;body;contentsType;definition;eid;era;field;footNote;hashtags;headMID;headMedia;headword;headwordOrigin;lastModifiedTime;origin;primaryType;primaryTypePartA;primaryTypePartB;reference;relatedArticles;relatedMedias;secondaryType;summary;url;writerInfo
aks:E0059872,E0059872,평기,평기,과학/과학기술,과학/과학기술,개념,미상,,http://encykorea.aks.ac.kr/Contents/Item/E0059872,https://devin.aks.ac.kr:8080/api/articles/E0059872,data/raw/api_audit/E0059872.json,2026-08-28T03:50:44Z,f29f5e57ef0f08d7ae7aa93a73c10fed85468814ff9474510b6321ebb72ab653,2687,true,항목 원고는 한국학중앙연구원이 저작재산권 전부를 보유한 범위에 한해 공공저작물 자유이용 가능; 출처 표기 필수. 미디어에는 이 조건을 일괄 적용하지 않음.,"[평기],『한국민족문화대백과사전』",ok,,56206,과학,E0059872,true,true,true,articleAliases;articleAttributes;contentsType;definition;footNote;headMID;headMedia;headwordOrigin;lastModifiedTime;origin;primaryTypePartA;primaryTypePartB;reference;relatedArticles;relatedMedias;summary;url;writerInfo,articleAliases;articleAttributes;body;contentsType;definition;eid;era;field;footNote;hashtags;headMID;headMedia;headword;headwordOrigin;lastModifiedTime;origin;primaryType;primaryTypePartA;primaryTypePartB;reference;relatedArticles;relatedMedias;secondaryType;summary;url;writerInfo
aks:E0068972,E0068972,농축우라늄,농축우라늄,과학/과학기술,과학/과학기술,물품,현대,우라늄 원자폭탄 핵무기,http://encykorea.aks.ac.kr/Contents/Item/E0068972,https://devin.aks.ac.kr:8080/api/articles/E0068972,data/raw/api_audit/E0068972.json,2026-08-28T03:50:44Z,5ce735929f766254c07b64598f1556c9475b20486f0a5eb3235fe025caab62a2,1071,true,항목 원고는 한국학중앙연구원이 저작재산권 전부를 보유한 범위에 한해 공공저작물 자유이용 가능; 출처 표기 필수. 미디어에는 이 조건을 일괄 적용하지 않음.,"[농축우라늄],『한국민족문화대백과사전』",ok,,64721,과학,E0068972,true,true,true,articleAliases;articleAttributes;contentsType;definition;footNote;headMID;headMedia;headwordOrigin;lastModifiedTime;origin;primaryTypePartA;primaryTypePartB;reference;relatedArticles;relatedMedias;summary;url;writerInfo,articleAliases;articleAttributes;body;contentsType;definition;eid;era;field;footNote;hashtags;headMID;headMedia;headword;headwordOrigin;lastModifiedTime;origin;primaryType;primaryTypePartA;primaryTypePartB;reference;relatedArticles;relatedMedias;secondaryType;summary;url;writerInfo
aks:E0061721,E0061721,한성고등학교,한성고등학교,교육/교육,교육/학교교육,단체/학교,현대,경성실업전수학교 사립고등학교 서울시_고등학교 한성상업학교 한성중학교,http://encykorea.aks.ac.kr/Contents/Item/E0061721,https://devin.aks.ac.kr:8080/api/articles/E0061721,data/raw/api_audit/E0061721.json,2026-08-28T03:50:45Z,cee7993c92fbe2612d6db71d2b1e4c3a13cb3ed53ff4aa01f0b48625ae3da635,1217,true,항목 원고는 한국학중앙연구원이 저작재산권 전부를 보유한 범위에 한해 공공저작물 자유이용 가능; 출처 표기 필수. 미디어에는 이 조건을 일괄 적용하지 않음.,"[한성고등학교],『한국민족문화대백과사전』",ok,,57980,교육,E0061721,true,true,false,articleAliases;articleAttributes;contentsType;definition;footNote;headMID;headMedia;headwordOrigin;lastModifiedTime;origin;primaryTypePartA;primaryTypePartB;reference;relatedArticles;relatedMedias;summary;url;writerInfo,articleAliases;articleAttributes;body;contentsType;definition;eid;era;field;footNote;hashtags;headMID;headMedia;headword;headwordOrigin;lastModifiedTime;origin;primaryType;primaryTypePartA;primaryTypePartB;reference;relatedArticles;relatedMedias;secondaryType;summary;url;writerInfo
aks:E0017610,E0017610,만분가,만분가,문학/고전시가,문학/고전시가,작품/문학,조선/조선 전기,유배가사 잡동산이 조위,http://encykorea.aks.ac.kr/Contents/Item/E0017610,https://devin.aks.ac.kr:8080/api/articles/E0017610,data/raw/api_audit/E0017610.json,2026-08-28T03:50:45Z,051ebd9970ba27a32c8192fbe42f60179012d22fe01daab714c712fd0027a882,399,true,항목 원고는 한국학중앙연구원이 저작재산권 전부를 보유한 범위에 한해 공공저작물 자유이용 가능; 출처 표기 필수. 미디어에는 이 조건을 일괄 적용하지 않음.,"[만분가],『한국민족문화대백과사전』",ok,,16385,문학,E0017610,true,true,true,articleAliases;articleAttributes;contentsType;definition;footNote;headMID;headMedia;headwordOrigin;lastModifiedTime;origin;primaryTypePartA;primaryTypePartB;reference;relatedArticles;relatedMedias;summary;url;writerInfo,articleAliases;articleAttributes;body;contentsType;definition;eid;era;field;footNote;hashtags;headMID;headMedia;headword;headwordOrigin;lastModifiedTime;origin;primaryType;primaryTypePartA;primaryTypePartB;reference;relatedArticles;relatedMedias;secondaryType;summary;url;writerInfo
aks:E0018456,E0018456,모더니즘,모더니즘,문학/현대문학,문학/현대문학,개념,미상,,http://encykorea.aks.ac.kr/Contents/Item/E0018456,https://devin.aks.ac.kr:8080/api/articles/E0018456,data/raw/api_audit/E0018456.json,2026-08-28T03:50:45Z,f3e3750a659801fdeaa078f3575fdf9b7e4ddb31a142b9111f6a2009d6c57af5,2626,true,항목 원고는 한국학중앙연구원이 저작재산권 전부를 보유한 범위에 한해 공공저작물 자유이용 가능; 출처 표기 필수. 미디어에는 이 조건을 일괄 적용하지 않음.,"[모더니즘],『한국민족문화대백과사전』",ok,,17183,문학,E0018456,true,true,true,articleAliases;articleAttributes;contentsType;definition;footNote;headMID;headMedia;headwordOrigin;lastModifiedTime;origin;primaryTypePartA;primaryTypePartB;reference;relatedArticles;relatedMedias;summary;url;writerInfo,articleAliases;articleAttributes;body;contentsType;definition;eid;era;field;footNote;hashtags;headMID;headMedia;headword;headwordOrigin;lastModifiedTime;origin;primaryType;primaryTypePartA;primaryTypePartB;reference;relatedArticles;relatedMedias;secondaryType;summary;url;writerInfo
aks:E0063878,E0063878,호텔,호텔,사회/사회구조,사회/사회구조,개념,현대,,http://encykorea.aks.ac.kr/Contents/Item/E0063878,https://devin.aks.ac.kr:8080/api/articles/E0063878,data/raw/api_audit/E0063878.json,2026-08-28T03:50:45Z,29b212aa8fb0f0e1582eaa8383179ef87eacc87a9ea7f0bafce7b9206933f0fe,1461,true,항목 원고는 한국학중앙연구원이 저작재산권 전부를 보유한 범위에 한해 공공저작물 자유이용 가능; 출처 표기 필수. 미디어에는 이 조건을 일괄 적용하지 않음.,"[호텔],『한국민족문화대백과사전』",ok,,60030,사회,E0063878,true,true,true,articleAliases;articleAttributes;contentsType;definition;footNote;headMID;headMedia;headwordOrigin;lastModifiedTime;origin;primaryTypePartA;primaryTypePartB;reference;relatedArticles;relatedMedias;summary;url;writerInfo,articleAliases;articleAttributes;body;contentsType;definition;eid;era;field;footNote;hashtags;headMID;headMedia;headword;headwordOrigin;lastModifiedTime;origin;primaryType;primaryTypePartA;primaryTypePartB;reference;relatedArticles;relatedMedias;secondaryType;summary;url;writerInfo
aks:E0035137,E0035137,알쌈,알쌈,생활/식생활,생활/식생활,물품,현대,,http://encykorea.aks.ac.kr/Contents/Item/E0035137,https://devin.aks.ac.kr:8080/api/articles/E0035137,data/raw/api_audit/E0035137.json,2026-08-28T03:50:45Z,a7819006b735f1eacd636456e389e6c2bff5679d5e0257ed03597a2aa75a1180,414,true,항목 원고는 한국학중앙연구원이 저작재산권 전부를 보유한 범위에 한해 공공저작물 자유이용 가능; 출처 표기 필수. 미디어에는 이 조건을 일괄 적용하지 않음.,"[알쌈],『한국민족문화대백과사전』",ok,,32773,생활,E0035137,true,true,true,articleAliases;articleAttributes;contentsType;definition;footNote;headMID;headMedia;headwordOrigin;lastModifiedTime;origin;primaryTypePartA;primaryTypePartB;reference;relatedArticles;relatedMedias;summary;url;writerInfo,articleAliases;articleAttributes;body;contentsType;definition;eid;era;field;footNote;hashtags;headMID;headMedia;headword;headwordOrigin;lastModifiedTime;origin;primaryType;primaryTypePartA;primaryTypePartB;reference;relatedArticles;relatedMedias;secondaryType;summary;url;writerInfo
aks:E0060178,E0060178,포저유서 및 송곡문집 판각,포저유서 및 송곡문집 판각,언론·출판/출판,언론·출판/출판 | 역사/조선시대사,물품,미상,조복양 조익,http://encykorea.aks.ac.kr/Contents/Item/E0060178,https://devin.aks.ac.kr:8080/api/articles/E0060178,data/raw/api_audit/E0060178.json,2026-08-28T03:50:45Z,0653e6b4ad1aadd8900efc10a6724bf653f8b53f1a8f11b05f489cb245a2181d,839,true,항목 원고는 한국학중앙연구원이 저작재산권 전부를 보유한 범위에 한해 공공저작물 자유이용 가능; 출처 표기 필수. 미디어에는 이 조건을 일괄 적용하지 않음.,"[포저유서 및 송곡문집 판각],『한국민족문화대백과사전』",ok,,56499,언론·출판,E0060178,true,true,false,articleAliases;articleAttributes;contentsType;definition;footNote;headMID;headMedia;headwordOrigin;lastModifiedTime;origin;primaryTypePartA;primaryTypePartB;reference;relatedArticles;relatedMedias;summary;url;writerInfo,articleAliases;articleAttributes;body;contentsType;definition;eid;era;field;footNote;hashtags;headMID;headMedia;headword;headwordOrigin;lastModifiedTime;origin;primaryType;primaryTypePartA;primaryTypePartB;reference;relatedArticles;relatedMedias;secondaryType;summary;url;writerInfo
aks:E0069077,E0069077,"대방광원각수다라료의경(언해) 권상1의1, 2의1~3, 권하1의1~2, 2의2~3","대방광원각수다라요의경(언해) 권상1의1, 2의1~3, 권하1의1~2, 2의2~3",언어/언어·문자,언어/언어·문자,문헌/고서,조선/조선 전기,신미 원각경 원각경언해 한계희 한글불경 황수신 효령대군,http://encykorea.aks.ac.kr/Contents/Item/E0069077,https://devin.aks.ac.kr:8080/api/articles/E0069077,data/raw/api_audit/E0069077.json,2026-08-28T03:50:45Z,1cdee0da641372a83c4bacdf713604eac20093a92b4a287614b3c803c5b76139,2764,true,항목 원고는 한국학중앙연구원이 저작재산권 전부를 보유한 범위에 한해 공공저작물 자유이용 가능; 출처 표기 필수. 미디어에는 이 조건을 일괄 적용하지 않음.,"[대방광원각수다라요의경(언해) 권상1의1, 2의1~3, 권하1의1~2, 2의2~3],『한국민족문화대백과사전』",warning,title_mismatch,64781,언어,E0069077,true,false,true,articleAliases;articleAttributes;contentsType;definition;footNote;headMID;headMedia;headwordOrigin;lastModifiedTime;origin;primaryTypePartA;primaryTypePartB;reference;relatedArticles;relatedMedias;summary;url;writerInfo,articleAliases;articleAttributes;body;contentsType;definition;eid;era;field;footNote;hashtags;headMID;headMedia;headword;headwordOrigin;lastModifiedTime;origin;primaryType;primaryTypePartA;primaryTypePartB;reference;relatedArticles;relatedMedias;secondaryType;summary;url;writerInfo
aks:E0010043,E0010043,김원의,김원의,역사/고려시대사,역사/고려시대사,인물/전통 인물,고려/고려 전기 | 고려/고려 후기,김위지 남도반란_토벌 조위총의_난,http://encykorea.aks.ac.kr/Contents/Item/E0010043,https://devin.aks.ac.kr:8080/api/articles/E0010043,data/raw/api_audit/E0010043.json,2026-08-28T03:50:45Z,a653e5dcaf48dc1b33fd63aa76db585fb622e6f88da1e9d51f057bd921653fca,611,true,항목 원고는 한국학중앙연구원이 저작재산권 전부를 보유한 범위에 한해 공공저작물 자유이용 가능; 출처 표기 필수. 미디어에는 이 조건을 일괄 적용하지 않음.,"[김원의],『한국민족문화대백과사전』",ok,,9318,역사,E0010043,true,true,true,articleAliases;articleAttributes;contentsType;definition;footNote;headMID;headMedia;headwordOrigin;lastModifiedTime;origin;primaryTypePartA;primaryTypePartB;reference;relatedArticles;relatedMedias;summary;url;writerInfo,articleAliases;articleAttributes;body;contentsType;definition;eid;era;field;footNote;hashtags;headMID;headMedia;headword;headwordOrigin;lastModifiedTime;origin;primaryType;primaryTypePartA;primaryTypePartB;reference;relatedArticles;relatedMedias;secondaryType;summary;url;writerInfo
aks:E0019136,E0019136,무안사창리옹관묘,무안 사창리 옹관묘,역사/선사문화,역사/선사문화,유적/고인돌·고분·능묘,고대/삼국/백제,,http://encykorea.aks.ac.kr/Contents/Item/E0019136,https://devin.aks.ac.kr:8080/api/articles/E0019136,data/raw/api_audit/E0019136.json,2026-08-28T03:50:45Z,a9b6802919c8a403f9d01f9fb42f038c1ffc7c5a4c1ec40906137659de98b73d,1031,true,항목 원고는 한국학중앙연구원이 저작재산권 전부를 보유한 범위에 한해 공공저작물 자유이용 가능; 출처 표기 필수. 미디어에는 이 조건을 일괄 적용하지 않음.,"[무안 사창리 옹관묘],『한국민족문화대백과사전』",warning,title_mismatch,17808,역사,E0019136,true,false,true,articleAliases;articleAttributes;contentsType;definition;footNote;headMID;headMedia;headwordOrigin;lastModifiedTime;origin;primaryTypePartA;primaryTypePartB;reference;relatedArticles;relatedMedias;summary;url;writerInfo,articleAliases;articleAttributes;body;contentsType;definition;eid;era;field;footNote;hashtags;headMID;headMedia;headword;headwordOrigin;lastModifiedTime;origin;primaryType;primaryTypePartA;primaryTypePartB;reference;relatedArticles;relatedMedias;secondaryType;summary;url;writerInfo
aks:E0024291,E0024291,부상록,부상록,역사/조선시대사,역사/조선시대사,문헌/고서,조선/조선 전기 | 조선/조선 후기,,http://encykorea.aks.ac.kr/Contents/Item/E0024291,https://devin.aks.ac.kr:8080/api/articles/E0024291,data/raw/api_audit/E0024291.json,2026-08-28T03:50:46Z,de9ee595dad13d5ada9d7d9b1460b3d8f3eccf668609767f6e20d69821cbf330,1035,true,항목 원고는 한국학중앙연구원이 저작재산권 전부를 보유한 범위에 한해 공공저작물 자유이용 가능; 출처 표기 필수. 미디어에는 이 조건을 일괄 적용하지 않음.,"[부상록],『한국민족문화대백과사전』",ok,,22621,역사,E0024291,true,true,true,articleAliases;articleAttributes;contentsType;definition;footNote;headMID;headMedia;headwordOrigin;lastModifiedTime;origin;primaryTypePartA;primaryTypePartB;reference;relatedArticles;relatedMedias;summary;url;writerInfo,articleAliases;articleAttributes;body;contentsType;definition;eid;era;field;footNote;hashtags;headMID;headMedia;headword;headwordOrigin;lastModifiedTime;origin;primaryType;primaryTypePartA;primaryTypePartB;reference;relatedArticles;relatedMedias;secondaryType;summary;url;writerInfo
aks:E0028177,E0028177,서정일기,서정일기,역사/조선시대사,역사/조선시대사,문헌/고서,조선/조선 후기,방우정 방휘재서정기 홍경래의_난,http://encykorea.aks.ac.kr/Contents/Item/E0028177,https://devin.aks.ac.kr:8080/api/articles/E0028177,data/raw/api_audit/E0028177.json,2026-08-28T03:50:46Z,e6efbc20885070965a8fd11517b3f93ba7ffec0eccb697225e3da91eb5f3c155,1232,true,항목 원고는 한국학중앙연구원이 저작재산권 전부를 보유한 범위에 한해 공공저작물 자유이용 가능; 출처 표기 필수. 미디어에는 이 조건을 일괄 적용하지 않음.,"[서정일기],『한국민족문화대백과사전』",ok,,26223,역사,E0028177,true,true,true,articleAliases;articleAttributes;contentsType;definition;footNote;headMID;headMedia;headwordOrigin;lastModifiedTime;origin;primaryTypePartA;primaryTypePartB;reference;relatedArticles;relatedMedias;summary;url;writerInfo,articleAliases;articleAttributes;body;contentsType;definition;eid;era;field;footNote;hashtags;headMID;headMedia;headword;headwordOrigin;lastModifiedTime;origin;primaryType;primaryTypePartA;primaryTypePartB;reference;relatedArticles;relatedMedias;secondaryType;summary;url;writerInfo
aks:E0070836,E0070836,안우상,안우상,역사/고려시대사,역사/고려시대사,인물/전통 인물,고려/고려 후기,경천흥 금위 신돈 안우경 오인택 윤승순 이순 제조관,http://encykorea.aks.ac.kr/Contents/Item/E0070836,https://devin.aks.ac.kr:8080/api/articles/E0070836,data/raw/api_audit/E0070836.json,2026-08-28T03:50:46Z,4f028ad9e7e0ab2bd4770cf58b02f8d19dcca4aa2f83d793bb2a1a7282850e3d,421,true,항목 원고는 한국학중앙연구원이 저작재산권 전부를 보유한 범위에 한해 공공저작물 자유이용 가능; 출처 표기 필수. 미디어에는 이 조건을 일괄 적용하지 않음.,"[안우상],『한국민족문화대백과사전』",ok,,66354,역사,E0070836,true,true,true,articleAliases;articleAttributes;contentsType;definition;footNote;headMID;headMedia;headwordOrigin;lastModifiedTime;origin;primaryTypePartA;primaryTypePartB;reference;relatedArticles;relatedMedias;summary;url;writerInfo,articleAliases;articleAttributes;body;contentsType;definition;eid;era;field;footNote;hashtags;headMID;headMedia;headword;headwordOrigin;lastModifiedTime;origin;primaryType;primaryTypePartA;primaryTypePartB;reference;relatedArticles;relatedMedias;secondaryType;summary;url;writerInfo
aks:E0026689,E0026689,삼수대엽,삼수대엽,예술·체육/국악,예술·체육/국악,작품/전통음악,현대,,http://encykorea.aks.ac.kr/Contents/Item/E0026689,https://devin.aks.ac.kr:8080/api/articles/E0026689,data/raw/api_audit/E0026689.json,2026-08-28T03:50:46Z,1bfded1778daeff1d7eefe0af30428156331c5813b1899191703259a9468a13b,1007,true,항목 원고는 한국학중앙연구원이 저작재산권 전부를 보유한 범위에 한해 공공저작물 자유이용 가능; 출처 표기 필수. 미디어에는 이 조건을 일괄 적용하지 않음.,"[삼수대엽],『한국민족문화대백과사전』",ok,,24830,예술·체육,E0026689,true,true,true,articleAliases;articleAttributes;contentsType;definition;footNote;headMID;headMedia;headwordOrigin;lastModifiedTime;origin;primaryTypePartA;primaryTypePartB;reference;relatedArticles;relatedMedias;summary;url;writerInfo,articleAliases;articleAttributes;body;contentsType;definition;eid;era;field;footNote;hashtags;headMID;headMedia;headword;headwordOrigin;lastModifiedTime;origin;primaryType;primaryTypePartA;primaryTypePartB;reference;relatedArticles;relatedMedias;secondaryType;summary;url;writerInfo
aks:E0067059,E0067059,관음사목조관음보살좌상,관음사 목조 관음보살 좌상,예술·체육/조각,예술·체육/조각,작품/불상,조선/조선 후기,관음사󰠐관음보살󰠐성도암 색난,http://encykorea.aks.ac.kr/Contents/Item/E0067059,https://devin.aks.ac.kr:8080/api/articles/E0067059,data/raw/api_audit/E0067059.json,2026-08-28T03:50:46Z,48fda0c6581c9e364a11f3585774d929664e533590d884ebabac38cc390920f0,1068,true,항목 원고는 한국학중앙연구원이 저작재산권 전부를 보유한 범위에 한해 공공저작물 자유이용 가능; 출처 표기 필수. 미디어에는 이 조건을 일괄 적용하지 않음.,"[관음사 목조 관음보살 좌상],『한국민족문화대백과사전』",warning,title_mismatch,62979,예술·체육,E0067059,true,false,true,articleAliases;articleAttributes;contentsType;definition;footNote;headMID;headMedia;headwordOrigin;lastModifiedTime;origin;primaryTypePartA;primaryTypePartB;reference;relatedArticles;relatedMedias;summary;url;writerInfo,articleAliases;articleAttributes;body;contentsType;definition;eid;era;field;footNote;hashtags;headMID;headMedia;headword;headwordOrigin;lastModifiedTime;origin;primaryType;primaryTypePartA;primaryTypePartB;reference;relatedArticles;relatedMedias;secondaryType;summary;url;writerInfo
aks:E0071717,E0071717,선우담,선우담,예술·체육/회화,예술·체육/회화,인물/근현대 인물,근대/대한제국기 | 현대,동경미술학교 북한_화가 비평가 서양화가,http://encykorea.aks.ac.kr/Contents/Item/E0071717,https://devin.aks.ac.kr:8080/api/articles/E0071717,data/raw/api_audit/E0071717.json,2026-08-28T03:50:46Z,43bf7a908849eccb1c80bd57463cd77f4b9436b3d67f3565f30c5d7f37bf06d4,1213,true,항목 원고는 한국학중앙연구원이 저작재산권 전부를 보유한 범위에 한해 공공저작물 자유이용 가능; 출처 표기 필수. 미디어에는 이 조건을 일괄 적용하지 않음.,"[선우담],『한국민족문화대백과사전』",ok,,67143,예술·체육,E0071717,true,true,true,articleAliases;articleAttributes;contentsType;definition;footNote;headMID;headMedia;headwordOrigin;lastModifiedTime;origin;primaryTypePartA;primaryTypePartB;reference;relatedArticles;relatedMedias;summary;url;writerInfo,articleAliases;articleAttributes;body;contentsType;definition;eid;era;field;footNote;hashtags;headMID;headMedia;headword;headwordOrigin;lastModifiedTime;origin;primaryType;primaryTypePartA;primaryTypePartB;reference;relatedArticles;relatedMedias;secondaryType;summary;url;writerInfo
aks:E0020108,E0020108,민방위,민방위,정치·법제/국방,정치·법제/국방,제도/법령·제도,현대,,http://encykorea.aks.ac.kr/Contents/Item/E0020108,https://devin.aks.ac.kr:8080/api/articles/E0020108,data/raw/api_audit/E0020108.json,2026-08-28T03:50:47Z,1afa261b20ffb0bf06b13f62ec22442719eb8a0413c23fbff43807ae23585e2c,4150,true,항목 원고는 한국학중앙연구원이 저작재산권 전부를 보유한 범위에 한해 공공저작물 자유이용 가능; 출처 표기 필수. 미디어에는 이 조건을 일괄 적용하지 않음.,"[민방위],『한국민족문화대백과사전』",ok,,18707,정치·법제,E0020108,true,true,true,articleAliases;articleAttributes;contentsType;definition;footNote;headMID;headMedia;headwordOrigin;lastModifiedTime;origin;primaryTypePartA;primaryTypePartB;reference;relatedArticles;relatedMedias;summary;url;writerInfo,articleAliases;articleAttributes;body;contentsType;definition;eid;era;field;footNote;hashtags;headMID;headMedia;headword;headwordOrigin;lastModifiedTime;origin;primaryType;primaryTypePartA;primaryTypePartB;reference;relatedArticles;relatedMedias;secondaryType;summary;url;writerInfo
aks:E0057392,E0057392,최성모,최성모,정치·법제/국방,정치·법제/국방,인물/근현대 인물,근대/일제강점기 | 현대,,http://encykorea.aks.ac.kr/Contents/Item/E0057392,https://devin.aks.ac.kr:8080/api/articles/E0057392,data/raw/api_audit/E0057392.json,2026-08-28T03:50:47Z,1f8b1104f2d473cef4abfb5c739ab90dffc358cc3a82b2104666f9dcd025f349,920,true,항목 원고는 한국학중앙연구원이 저작재산권 전부를 보유한 범위에 한해 공공저작물 자유이용 가능; 출처 표기 필수. 미디어에는 이 조건을 일괄 적용하지 않음.,"[최성모],『한국민족문화대백과사전』",ok,,53882,정치·법제,E0057392,true,true,true,articleAliases;articleAttributes;contentsType;definition;footNote;headMID;headMedia;headwordOrigin;lastModifiedTime;origin;primaryTypePartA;primaryTypePartB;reference;relatedArticles;relatedMedias;summary;url;writerInfo,articleAliases;articleAttributes;body;contentsType;definition;eid;era;field;footNote;hashtags;headMID;headMedia;headword;headwordOrigin;lastModifiedTime;origin;primaryType;primaryTypePartA;primaryTypePartB;reference;relatedArticles;relatedMedias;secondaryType;summary;url;writerInfo
aks:E0012531,E0012531,내원당,개성 내원당,종교·철학/불교,종교·철학/불교,유적/건물,고려/고려 전기 | 고려/고려 후기,개성 태종 흥천사,http://encykorea.aks.ac.kr/Contents/Item/E0012531,https://devin.aks.ac.kr:8080/api/articles/E0012531,data/raw/api_audit/E0012531.json,2026-08-28T03:50:47Z,9d387559f289a86a5e34578fc7fd3d5940ecdbcef2e4b6502f7487e8229577eb,613,true,항목 원고는 한국학중앙연구원이 저작재산권 전부를 보유한 범위에 한해 공공저작물 자유이용 가능; 출처 표기 필수. 미디어에는 이 조건을 일괄 적용하지 않음.,"[개성 내원당],『한국민족문화대백과사전』",warning,title_mismatch,11640,종교·철학,E0012531,true,false,true,articleAliases;articleAttributes;contentsType;definition;footNote;headMID;headMedia;headwordOrigin;lastModifiedTime;origin;primaryTypePartA;primaryTypePartB;reference;relatedArticles;relatedMedias;summary;url;writerInfo,articleAliases;articleAttributes;body;contentsType;definition;eid;era;field;footNote;hashtags;headMID;headMedia;headword;headwordOrigin;lastModifiedTime;origin;primaryType;primaryTypePartA;primaryTypePartB;reference;relatedArticles;relatedMedias;secondaryType;summary;url;writerInfo
aks:E0020033,E0020033,미타암,고령산 미타암,종교·철학/불교,종교·철학/불교,유적/건물,고대/남북국/통일신라,경허 대한불교조계종 양산미타암아미타여래입상 원효 정진 통도사 혜명,http://encykorea.aks.ac.kr/Contents/Item/E0020033,https://devin.aks.ac.kr:8080/api/articles/E0020033,data/raw/api_audit/E0020033.json,2026-08-28T03:50:47Z,db33cc489a5c0844ba25495e8768a924081f78f47e3608d265b0edcfa875e412,517,true,항목 원고는 한국학중앙연구원이 저작재산권 전부를 보유한 범위에 한해 공공저작물 자유이용 가능; 출처 표기 필수. 미디어에는 이 조건을 일괄 적용하지 않음.,"[고령산 미타암],『한국민족문화대백과사전』",warning,title_mismatch,18636,종교·철학,E0020033,true,false,true,articleAliases;articleAttributes;contentsType;definition;footNote;headMID;headMedia;headwordOrigin;lastModifiedTime;origin;primaryTypePartA;primaryTypePartB;reference;relatedArticles;relatedMedias;summary;url;writerInfo,articleAliases;articleAttributes;body;contentsType;definition;eid;era;field;footNote;hashtags;headMID;headMedia;headword;headwordOrigin;lastModifiedTime;origin;primaryType;primaryTypePartA;primaryTypePartB;reference;relatedArticles;relatedMedias;secondaryType;summary;url;writerInfo
aks:E0029197,E0029197,성교절요,성교절요,종교·철학/천주교,종교·철학/천주교,문헌/고서,조선/조선 후기,베르뇌 오르티즈 이기경 최필공 한국교회사연구소,http://encykorea.aks.ac.kr/Contents/Item/E0029197,https://devin.aks.ac.kr:8080/api/articles/E0029197,data/raw/api_audit/E0029197.json,2026-08-28T03:50:47Z,f3188e205f07c21bfdef207ef052e2f45726bbbd104e55273eea1889cd97d2a6,615,true,항목 원고는 한국학중앙연구원이 저작재산권 전부를 보유한 범위에 한해 공공저작물 자유이용 가능; 출처 표기 필수. 미디어에는 이 조건을 일괄 적용하지 않음.,"[성교절요],『한국민족문화대백과사전』",ok,,27171,종교·철학,E0029197,true,true,true,articleAliases;articleAttributes;contentsType;definition;footNote;headMID;headMedia;headwordOrigin;lastModifiedTime;origin;primaryTypePartA;primaryTypePartB;reference;relatedArticles;relatedMedias;summary;url;writerInfo,articleAliases;articleAttributes;body;contentsType;definition;eid;era;field;footNote;hashtags;headMID;headMedia;headword;headwordOrigin;lastModifiedTime;origin;primaryType;primaryTypePartA;primaryTypePartB;reference;relatedArticles;relatedMedias;secondaryType;summary;url;writerInfo
aks:E0034025,E0034025,십이폭포,십이폭포,지리/자연지리,지리/자연지리,지명/자연지명,미상,,http://encykorea.aks.ac.kr/Contents/Item/E0034025,https://devin.aks.ac.kr:8080/api/articles/E0034025,data/raw/api_audit/E0034025.json,2026-08-28T03:50:47Z,cbc1afc9109472385b13c0e0322cf0648b0f4462618bfa234c5efda77b3e4b7f,438,true,항목 원고는 한국학중앙연구원이 저작재산권 전부를 보유한 범위에 한해 공공저작물 자유이용 가능; 출처 표기 필수. 미디어에는 이 조건을 일괄 적용하지 않음.,"[십이폭포],『한국민족문화대백과사전』",ok,,31718,지리,E0034025,true,true,true,articleAliases;articleAttributes;contentsType;definition;footNote;headMID;headMedia;headwordOrigin;lastModifiedTime;origin;primaryTypePartA;primaryTypePartB;reference;relatedArticles;relatedMedias;summary;url;writerInfo,articleAliases;articleAttributes;body;contentsType;definition;eid;era;field;footNote;hashtags;headMID;headMedia;headword;headwordOrigin;lastModifiedTime;origin;primaryType;primaryTypePartA;primaryTypePartB;reference;relatedArticles;relatedMedias;secondaryType;summary;url;writerInfo
aks:E0064883,E0064883,화창,화창,지리/인문지리,지리/인문지리,지명/고지명,고대/남북국/통일신라,,http://encykorea.aks.ac.kr/Contents/Item/E0064883,https://devin.aks.ac.kr:8080/api/articles/E0064883,data/raw/api_audit/E0064883.json,2026-08-28T03:50:47Z,4ae23af5e83f6dc7cc9717fd588dcf9a7e2253fadd7b8f0a9e0313cad553cd4d,461,true,항목 원고는 한국학중앙연구원이 저작재산권 전부를 보유한 범위에 한해 공공저작물 자유이용 가능; 출처 표기 필수. 미디어에는 이 조건을 일괄 적용하지 않음.,"[화창],『한국민족문화대백과사전』",ok,,60986,지리,E0064883,true,true,true,articleAliases;articleAttributes;contentsType;definition;footNote;headMID;headMedia;headwordOrigin;lastModifiedTime;origin;primaryTypePartA;primaryTypePartB;reference;relatedArticles;relatedMedias;summary;url;writerInfo,articleAliases;articleAttributes;body;contentsType;definition;eid;era;field;footNote;hashtags;headMID;headMedia;headword;headwordOrigin;lastModifiedTime;origin;primaryType;primaryTypePartA;primaryTypePartB;reference;relatedArticles;relatedMedias;secondaryType;summary;url;writerInfo
